06:47,1
07:00,1
07:07,1
07:13,1
07:19,1
07:25,1
07:34,1
07:40,1
07:50,1
07:59,1
08:05,1
08:14,1
08:22,1
08:32,1
08:52,1
09:02,1
09:12,1
09:22,1
09:32,1
09:42,1
09:52,1
10:02,1
10:12,1
10:22,1
10:32,1
10:42,1
10:52,1
11:02,1
11:12,1
11:22,1
11:32,1
11:42,1
11:52,1
12:02,1
12:12,1
12:22,1
12:32,1
12:42,1
12:52,1
13:02,1
13:12,1
13:22,1
13:32,1
13:42,1
13:52,1
14:02,1
14:12,1
14:22,1
14:32,1
14:42,1
14:52,1
15:02,1
15:12,1
15:22,1
15:32,1
15:42,1
15:52,1
16:02,1
16:12,1
16:32,1
16:42,1
16:52,1
17:02,1
17:12,1
17:32,1
17:42,1
17:52,1
18:02,1
18:12,1
18:32,1
18:42,1
18:52,1
19:02,1
19:12,1
19:32,1
19:42,1
19:52,1
20:02,1
20:12,1
20:32,1
20:42,1
20:52,1
21:02,1
21:40,1
22:00,1
22:35,1
22:55,1
23:16,1
