06:42,1
06:52,1
07:02,1
07:12,1
07:22,1
07:32,1
07:42,1
07:52,1
08:02,1
08:12,1
08:22,1
08:32,1
08:42,1
08:52,1
09:02,1
09:12,1
09:22,1
09:32,1
09:42,1
09:52,1
10:02,1
10:12,1
10:22,1
10:32,1
10:42,1
10:52,1
11:02,1
11:12,1
11:22,1
11:32,1
11:42,1
11:52,1
12:02,1
12:22,1
12:32,1
12:42,1
12:52,1
13:02,1
13:12,1
13:27,1
13:42,1
13:52,1
14:02,1
14:12,1
14:22,1
14:42,1
14:52,1
15:02,1
15:12,1
15:22,1
15:32,1
15:42,1
15:52,1
16:02,1
16:17,1
16:27,1
16:42,1
16:52,1
17:02,1
17:12,1
17:27,1
17:42,1
17:52,1
18:02,1
18:22,1
18:32,1
18:52,1
19:07,1
19:22,1
19:32,1
20:02,1
20:32,1
21:02,1
21:44,1
22:02,1
